{"cameraMode":{"drawMode":0,"name":"Shaded","section":"Shading Mode"},"sceneLighting":true,"audioPlay":false,"sceneViewState":{"showFog":false,"showMaterialUpdate":false,"showSkybox":false,"showFlares":false,"showImageEffects":false,"showParticleSystems":false},"in2DMode":false,"pivot":{"x":0.42013928294181826,"y":-0.9345187544822693,"z":19.42561149597168},"rotation":{"x":0.11225924640893936,"y":0.008050760254263878,"z":-0.0009095038403756917,"w":0.9936464428901672},"size":24.02454948425293,"orthographic":false}