{"cameraMode":{"drawMode":0,"name":"Shaded","section":"Shading Mode"},"sceneLighting":true,"audioPlay":false,"sceneViewState":{"showFog":true,"showMaterialUpdate":true,"showSkybox":true,"showFlares":true,"showImageEffects":true,"showParticleSystems":true},"in2DMode":false,"pivot":{"x":10.83975887298584,"y":5.67217493057251,"z":0.2769126892089844},"rotation":{"x":0.06696765124797821,"y":-0.41755345463752749,"z":0.030876286327838899,"w":0.9056593775749207},"size":12.411398887634278,"orthographic":false}