{"cameraMode":{"drawMode":0,"name":"Shaded","section":"Shading Mode"},"sceneLighting":false,"audioPlay":false,"sceneViewState":{"showFog":true,"showMaterialUpdate":false,"showSkybox":false,"showFlares":true,"showImageEffects":true,"showParticleSystems":true},"in2DMode":false,"pivot":{"x":14.997526168823243,"y":0.950993537902832,"z":0.0051964521408081059},"rotation":{"x":0.1272241771221161,"y":0.6544200778007507,"z":-0.7367354035377502,"w":0.11300953477621079},"size":6.333312034606934,"orthographic":false}