{"cameraMode":{"drawMode":0,"name":"Shaded","section":"Shading Mode"},"sceneLighting":true,"audioPlay":false,"sceneViewState":{"showFog":true,"showMaterialUpdate":false,"showSkybox":true,"showFlares":true,"showImageEffects":true,"showParticleSystems":true},"in2DMode":false,"pivot":{"x":9.207754135131836,"y":3.5481202602386476,"z":-5.83436393737793},"rotation":{"x":-0.011689336970448494,"y":-0.012003952637314797,"z":-0.0001406109513482079,"w":0.9998622536659241},"size":10.0,"orthographic":false}