{"cameraMode":{"drawMode":0,"name":"Shaded","section":"Shading Mode"},"sceneLighting":true,"audioPlay":false,"sceneViewState":{"showFog":true,"showMaterialUpdate":false,"showSkybox":true,"showFlares":true,"showImageEffects":true,"showParticleSystems":true},"in2DMode":false,"pivot":{"x":-1.0385894775390626,"y":-2.1096911430358888,"z":2.1200618743896486},"rotation":{"x":-0.2434462308883667,"y":0.02502588741481304,"z":-0.006283378228545189,"w":-0.9695739150047302},"size":22.0,"orthographic":false}