{"cameraMode":{"drawMode":0,"name":"Shaded","section":"Shading Mode"},"sceneLighting":false,"audioPlay":false,"sceneViewState":{"showFog":true,"showMaterialUpdate":false,"showSkybox":false,"showFlares":true,"showImageEffects":true,"showParticleSystems":true},"in2DMode":false,"pivot":{"x":-1.0398552417755128,"y":1.9862151145935059,"z":14.373095512390137},"rotation":{"x":0.1024114266037941,"y":-0.7428761124610901,"z":0.11683827638626099,"w":0.6511507630348206},"size":6.8733415603637699,"orthographic":false}