{"cameraMode":{"drawMode":0,"name":"Shaded","section":"Shading Mode"},"sceneLighting":false,"audioPlay":false,"sceneViewState":{"showFog":true,"showMaterialUpdate":false,"showSkybox":false,"showFlares":true,"showImageEffects":true,"showParticleSystems":true},"in2DMode":false,"pivot":{"x":-10.579200744628907,"y":2.0503110885620119,"z":16.955991744995118},"rotation":{"x":-0.0003547391970641911,"y":-0.9996296763420105,"z":0.021893849596381189,"w":-0.016199219971895219},"size":8.822484016418457,"orthographic":false}